Geracao,MelhorDistancia
0,10196544.00
1,9829117.00
2,9294671.00
3,8980814.00
4,8589353.00
5,8589353.00
6,8493099.00
7,8424346.00
8,8114017.50
9,8086688.50
10,7770685.00
11,7726049.50
12,7476037.00
13,7375927.50
14,7375927.50
15,7322073.00
16,7298610.50
17,7168476.00
18,7085453.50
19,6896314.00
20,6851621.00
21,6685974.00
22,6530305.00
23,6457021.00
24,6457021.00
25,6259751.50
26,6054068.50
27,6046442.00
28,6046442.00
29,5908825.00
30,5707174.50
31,5430194.00
32,5430194.00
33,5023019.50
34,5023019.50
35,5023019.50
36,5023019.50
37,5023019.50
38,5005013.00
39,5005013.00
40,4878731.50
41,4878731.50
42,4878731.50
43,4878731.50
44,4878731.50
45,4878731.50
46,4858951.00
47,4858951.00
48,4799565.50
49,4799565.50
50,4799565.50
51,4799565.50
52,4727073.00
53,4679292.00
54,4679292.00
55,4659486.50
56,4659486.50
57,4659486.50
58,4659486.50
59,4623988.00
60,4582996.50
61,4524578.00
62,4455060.50
63,4455060.50
64,4455060.50
65,4455060.50
66,4455060.50
67,4455060.50
68,4455060.50
69,4455060.50
70,4391523.50
71,4391523.50
72,4391523.50
73,4071513.75
74,4071513.75
75,4071513.75
76,4071513.75
77,4071513.75
78,4071513.75
79,4071513.75
80,4071513.75
81,4049822.50
82,4049822.50
83,4049822.50
84,4049822.50
85,4049822.50
86,4049822.50
87,4029902.00
88,3894106.00
89,3894106.00
90,3894106.00
91,3894106.00
92,3894106.00
93,3894106.00
94,3894106.00
95,3894106.00
96,3894106.00
97,3894106.00
98,3840126.00
99,3840126.00
100,3838800.00
101,3838800.00
102,3838800.00
103,3757593.25
104,3757593.25
105,3757593.25
106,3757593.25
107,3756944.25
108,3570272.50
109,3570272.50
110,3561864.25
111,3561864.25
112,3561864.25
113,3561864.25
114,3561864.25
115,3561864.25
116,3386634.75
117,3386634.75
118,3386634.75
119,3386634.75
120,3386634.75
121,3386634.75
122,3364697.25
123,3349840.50
124,3349840.50
125,3150205.50
126,3150205.50
127,3150205.50
128,3150205.50
129,3150205.50
130,3150205.50
131,3150205.50
132,3097583.50
133,3097583.50
134,3097583.50
135,3097583.50
136,3097583.50
137,3097583.50
138,3097583.50
139,3097583.50
140,3097583.50
141,3097583.50
142,3097583.50
143,3097583.50
144,3097583.50
145,3079183.00
146,3043842.75
147,3043842.75
148,3002545.75
149,3002545.75
150,3002545.75
151,3002545.75
152,3002545.75
153,3002545.75
154,3002545.75
155,3002545.75
156,3002545.75
157,2880957.50
158,2880957.50
159,2880957.50
160,2880957.50
161,2880957.50
162,2880957.50
163,2880957.50
164,2880957.25
165,2880957.00
166,2880957.00
167,2880957.00
168,2880957.00
169,2880957.00
170,2867548.25
171,2867548.25
172,2867548.25
173,2867548.25
174,2867548.25
175,2840060.25
176,2840060.25
177,2840060.25
178,2840060.25
179,2840060.25
180,2826099.50
181,2826099.50
182,2826099.50
183,2826099.50
184,2826099.50
185,2826099.50
186,2826099.50
187,2826099.50
188,2826099.50
189,2826099.50
190,2826099.50
191,2826099.50
192,2826074.50
193,2826074.50
194,2800186.00
195,2800186.00
196,2732241.50
197,2732241.50
198,2732241.50
199,2732241.50
200,2732241.50
201,2732241.50
202,2732241.50
203,2732241.50
204,2732241.50
205,2732241.50
206,2732241.50
207,2732241.50
208,2732241.50
209,2732241.50
210,2732241.50
211,2732241.50
212,2732241.50
213,2732241.50
214,2732241.50
215,2732241.50
216,2654252.50
217,2654252.50
218,2654252.50
219,2654252.50
220,2612615.25
221,2612615.25
222,2586795.75
223,2586795.75
224,2586795.75
225,2586795.75
226,2586795.75
227,2586795.75
228,2586795.75
229,2586795.75
230,2586795.75
231,2586795.75
232,2586795.75
233,2560084.75
234,2560084.75
235,2560084.75
236,2560084.75
237,2560084.75
238,2560084.75
239,2560084.75
240,2560084.75
241,2560084.75
242,2547132.75
243,2547132.75
244,2547132.75
245,2512601.75
246,2512601.75
247,2512601.75
248,2512601.75
249,2512601.75
250,2512601.75
251,2504695.25
252,2504695.25
253,2504695.25
254,2504695.25
255,2477636.50
256,2477636.50
257,2477636.50
258,2446655.50
259,2446655.50
260,2446655.50
261,2446655.50
262,2446655.50
263,2446655.50
264,2446655.50
265,2446655.50
266,2446655.50
267,2424892.50
268,2424892.50
269,2424892.50
270,2424892.50
271,2424892.50
272,2415294.25
273,2410259.50
274,2405480.25
275,2405480.25
276,2405480.25
277,2405480.25
278,2405480.25
279,2405479.00
280,2405479.00
281,2405479.00
282,2405479.00
283,2405479.00
284,2405479.00
285,2405479.00
286,2405479.00
287,2405479.00
288,2405479.00
289,2405479.00
290,2405479.00
291,2405479.00
292,2405479.00
293,2405479.00
294,2405479.00
295,2405479.00
296,2405479.00
297,2405479.00
298,2405479.00
299,2401504.00
300,2401504.00
301,2401504.00
302,2401504.00
303,2401504.00
304,2401504.00
305,2401504.00
306,2401504.00
307,2401504.00
308,2373340.00
309,2373340.00
310,2373340.00
311,2373340.00
312,2373340.00
313,2361036.25
314,2361036.25
315,2361036.25
316,2361036.25
317,2361036.25
318,2361036.25
319,2361036.25
320,2332849.50
321,2332849.50
322,2332849.50
323,2332849.50
324,2332849.50
325,2332849.50
326,2332694.25
327,2332694.25
328,2332694.25
329,2332694.25
330,2332694.25
331,2332694.25
332,2332694.25
333,2320314.50
334,2320314.50
335,2320314.50
336,2320314.50
337,2265926.25
338,2265926.25
339,2252575.00
340,2252575.00
341,2252575.00
342,2252575.00
343,2252575.00
344,2252575.00
345,2252575.00
346,2252575.00
347,2252575.00
348,2252575.00
349,2252575.00
350,2252575.00
351,2252575.00
352,2252575.00
353,2252575.00
354,2252575.00
355,2252575.00
356,2252575.00
357,2252575.00
358,2239045.50
359,2225931.50
360,2213318.25
361,2213318.25
362,2199613.00
363,2199613.00
364,2199613.00
365,2199613.00
366,2199435.00
367,2199435.00
368,2199435.00
369,2198563.00
370,2198563.00
371,2178979.00
372,2178979.00
373,2178979.00
374,2178979.00
375,2178979.00
376,2178979.00
377,2177132.75
378,2177132.75
379,2177132.75
380,2177132.75
381,2177132.75
382,2172184.75
383,2152762.50
384,2152762.50
385,2152762.50
386,2152762.50
387,2152762.50
388,2152762.50
389,2152762.50
390,2152762.50
391,2152762.50
392,2152762.50
393,2144400.50
394,2144400.50
395,2144400.50
396,2144400.50
397,2144400.50
398,2139217.25
399,2139217.25
400,2139217.25
401,2139217.25
402,2139217.25
403,2139216.75
404,2139216.75
405,2139216.75
406,2139216.75
407,2139216.75
408,2139216.75
409,2139216.75
410,2139216.75
411,2139216.75
412,2139216.75
413,2138407.50
414,2135820.50
415,2135820.50
416,2135820.50
417,2135820.50
418,2113844.00
419,2113844.00
420,2113844.00
421,2113844.00
422,2113844.00
423,2113844.00
424,2113844.00
425,2113844.00
426,2113844.00
427,2113844.00
428,2113844.00
429,2113844.00
430,2113844.00
431,2113844.00
432,2113844.00
433,2110543.50
434,2110543.50
435,2110543.50
436,2110543.50
437,2110543.50
438,2110543.50
439,2110543.50
440,2063115.50
441,2063115.50
442,2063115.50
443,2063115.50
444,2063115.50
445,2063115.50
446,2063115.50
447,2063115.50
448,2063115.50
449,2063115.50
450,2063115.50
451,2063115.50
452,2063115.50
453,2063115.50
454,2044681.75
455,2044681.75
456,2044681.75
457,2044681.75
458,2044681.75
459,2044681.75
460,2044681.75
461,2044681.75
462,2044629.88
463,2030671.50
464,2030671.50
465,2030553.12
466,2022467.12
467,1982606.88
468,1982606.88
469,1982606.88
470,1982606.88
471,1982606.88
472,1982606.88
473,1982606.88
474,1982606.88
475,1982606.88
476,1982606.88
477,1982606.88
478,1982606.88
479,1982606.88
480,1982606.88
481,1982606.88
482,1954713.88
483,1954713.88
484,1954713.88
485,1954713.88
486,1954713.88
487,1954713.88
488,1954713.88
489,1954713.88
490,1954713.88
491,1954648.00
492,1934081.62
493,1934081.62
494,1934081.62
495,1934081.62
496,1899435.25
497,1899435.25
498,1899435.25
499,1899435.25
500,1899435.25
501,1899435.25
502,1899435.25
503,1899435.25
504,1899435.25
505,1899435.25
506,1892762.62
507,1892762.50
508,1892762.50
509,1892762.50
510,1892762.50
511,1892762.25
512,1892457.25
513,1892457.25
514,1892457.25
515,1892457.25
516,1892457.25
517,1892457.25
518,1892355.25
519,1891484.88
520,1891484.88
521,1891484.88
522,1891484.88
523,1891484.88
524,1891484.88
525,1891484.88
526,1891484.88
527,1878412.50
528,1878412.50
529,1878412.50
530,1878412.50
531,1878412.50
532,1878412.50
533,1878412.50
534,1878412.50
535,1878412.50
536,1878412.50
537,1878412.50
538,1878412.50
539,1878412.50
540,1878412.50
541,1878412.50
542,1878412.50
543,1878412.50
544,1878050.00
545,1878050.00
546,1878050.00
547,1878050.00
548,1878050.00
549,1878050.00
550,1878050.00
551,1878050.00
552,1878050.00
553,1878050.00
554,1864546.12
555,1864546.12
556,1864546.12
557,1864546.12
558,1864546.12
559,1864546.12
560,1864546.12
561,1864107.25
562,1864107.25
563,1837335.62
564,1837302.50
565,1837302.50
566,1837302.50
567,1837302.50
568,1837302.50
569,1837302.50
570,1837084.00
571,1837084.00
572,1837084.00
573,1809840.25
574,1809840.25
575,1809840.25
576,1809840.25
577,1809840.25
578,1809552.75
579,1809552.75
580,1809552.75
581,1809552.75
582,1809552.75
583,1809552.75
584,1809552.75
585,1795973.88
586,1795973.88
587,1782749.88
588,1782749.88
589,1782749.88
590,1782749.88
591,1780711.38
592,1768849.50
593,1767878.88
594,1767878.88
595,1767878.88
596,1767878.88
597,1767878.88
598,1753978.75
599,1738984.88
600,1738984.88
601,1738984.88
602,1738984.88
603,1738984.88
604,1738984.88
605,1738984.88
606,1738984.88
607,1738984.88
608,1738984.88
609,1738984.88
610,1738984.88
611,1738984.88
612,1726152.38
613,1726152.38
614,1726152.38
615,1726152.38
616,1726152.38
617,1726152.38
618,1701514.12
619,1701514.12
620,1701514.12
621,1701514.12
622,1701514.12
623,1701514.12
624,1701514.12
625,1701514.12
626,1701514.12
627,1701514.12
628,1687757.88
629,1687757.88
630,1687757.88
631,1687757.88
632,1687757.88
633,1687757.62
634,1687757.62
635,1687757.62
636,1687757.62
637,1687757.62
638,1687757.62
639,1687757.62
640,1687757.62
641,1674136.12
642,1674136.12
643,1674136.12
644,1673696.25
645,1673696.25
646,1673696.25
647,1673696.25
648,1673696.25
649,1673696.25
650,1673696.25
651,1673696.25
652,1659737.00
653,1659737.00
654,1659737.00
655,1659737.00
656,1659737.00
657,1659737.00
658,1659737.00
659,1659737.00
660,1659737.00
661,1659737.00
662,1659737.00
663,1659737.00
664,1659737.00
665,1659737.00
666,1659736.62
667,1659247.25
668,1659247.25
669,1659247.25
670,1659247.25
671,1645844.50
672,1645675.12
673,1645675.12
674,1645675.12
675,1645675.12
676,1645675.12
677,1645675.12
678,1645675.12
679,1645675.12
680,1632147.75
681,1632147.75
682,1632130.88
683,1632130.88
684,1632130.88
685,1632130.88
686,1632130.88
687,1632130.88
688,1631953.00
689,1631953.00
690,1631893.12
691,1631893.12
692,1631893.12
693,1631893.12
694,1631893.12
695,1631893.12
696,1631893.12
697,1631893.12
698,1631876.75
699,1631876.75
700,1631876.75
701,1618188.12
702,1618188.12
703,1618188.12
704,1618188.12
705,1604381.12
706,1604381.12
707,1604381.12
708,1604381.12
709,1604381.12
710,1604381.12
711,1604381.12
712,1604381.12
713,1592975.38
714,1592975.38
715,1592975.38
716,1592975.38
717,1592975.38
718,1592975.38
719,1592975.38
720,1592975.38
721,1592975.38
722,1592975.38
723,1592975.38
724,1592975.38
725,1592975.38
726,1590970.25
727,1590970.25
728,1579439.62
729,1579439.62
730,1579439.62
731,1579270.00
732,1579270.00
733,1579270.00
734,1579270.00
735,1565657.62
736,1565657.62
737,1565657.62
738,1565657.62
739,1565657.62
740,1565657.62
741,1565657.62
742,1565657.62
743,1565657.62
744,1565657.62
745,1565657.62
746,1565657.62
747,1565657.62
748,1565657.62
749,1565657.62
750,1565657.62
751,1565657.62
752,1551834.25
753,1551834.25
754,1551834.25
755,1551834.25
756,1551834.25
757,1551834.25
758,1551834.25
759,1551833.88
760,1551833.88
761,1551833.88
762,1551833.88
763,1538086.38
764,1538086.38
765,1538086.38
766,1538086.38
767,1538086.38
768,1524160.62
769,1524160.62
770,1524160.62
771,1524160.62
772,1524160.62
773,1524160.62
774,1524160.62
775,1524160.62
776,1524160.62
777,1524160.62
778,1524160.62
779,1524160.62
780,1524160.62
781,1524160.62
782,1524160.62
783,1524160.62
784,1524160.62
785,1524160.62
786,1523905.75
787,1523905.75
788,1523905.75
789,1523905.75
790,1523905.75
791,1523905.75
792,1523905.75
793,1523905.75
794,1523905.75
795,1523905.75
796,1523905.75
797,1510286.25
798,1510286.25
799,1510286.25
800,1510286.25
801,1510286.25
802,1510285.50
803,1496258.75
804,1496258.75
805,1496258.75
806,1496258.75
807,1496258.75
808,1482560.88
809,1482560.88
810,1482560.88
811,1482536.00
812,1482460.25
813,1482460.25
814,1482460.25
815,1482460.25
816,1455014.88
817,1455014.88
818,1455014.88
819,1455014.88
820,1455014.88
821,1455014.88
822,1455014.88
823,1455014.88
824,1455014.88
825,1454972.38
826,1454972.38
827,1454972.38
828,1454913.12
829,1454913.12
830,1454913.12
831,1454913.12
832,1441004.38
833,1441004.38
834,1441004.38
835,1441004.38
836,1441004.38
837,1441004.38
838,1427205.75
839,1427205.75
840,1427205.75
841,1427205.62
842,1403878.12
843,1403878.12
844,1403878.12
845,1403878.12
846,1403878.12
847,1403878.12
848,1403878.12
849,1403878.12
850,1403878.12
851,1403878.12
852,1403878.12
853,1403878.12
854,1403878.12
855,1403878.12
856,1403878.12
857,1403878.12
858,1403878.12
859,1403878.12
860,1402594.75
861,1402594.75
862,1402594.75
863,1402594.75
864,1390155.88
865,1390155.88
866,1390155.88
867,1390155.88
868,1390155.88
869,1390155.88
870,1390155.88
871,1358902.25
872,1358902.25
873,1358902.25
874,1358902.25
875,1358902.25
876,1358902.25
877,1358902.25
878,1358902.25
879,1358902.25
880,1358902.25
881,1358902.25
882,1358902.25
883,1358902.25
884,1358901.75
885,1358901.75
886,1355766.12
887,1355765.62
888,1355765.62
889,1355765.62
890,1355765.62
891,1355765.62
892,1328143.00
893,1328143.00
894,1328143.00
895,1328143.00
896,1328143.00
897,1317193.50
898,1317193.50
899,1317193.50
900,1317193.50
901,1317193.50
902,1317193.50
903,1317193.50
904,1317193.50
905,1317193.50
906,1317193.50
907,1314352.88
908,1314352.88
909,1314352.88
910,1314352.62
911,1314310.12
912,1300755.12
913,1300755.12
914,1300755.12
915,1300755.12
916,1300755.12
917,1300755.12
918,1300755.12
919,1300755.12
920,1300755.12
921,1300755.12
922,1300755.12
923,1300755.12
924,1300755.12
925,1300755.12
926,1300755.12
927,1300755.12
928,1300755.12
929,1300678.75
930,1300678.75
931,1300678.75
932,1300678.75
933,1286812.38
934,1286812.38
935,1286812.38
936,1286812.38
937,1286812.38
938,1286812.38
939,1286812.38
940,1286812.38
941,1286812.38
942,1286736.00
943,1286736.00
944,1286736.00
945,1286736.00
946,1286736.00
947,1286736.00
948,1286736.00
949,1286736.00
950,1286736.00
951,1286736.00
952,1286736.00
953,1286736.00
954,1286710.88
955,1286710.88
956,1286634.62
957,1286634.62
958,1286634.38
959,1286634.38
960,1245154.38
961,1245154.38
962,1245154.38
963,1245154.38
964,1245154.38
965,1245154.38
966,1245154.38
967,1245154.38
968,1245154.38
969,1245154.38
970,1245154.38
971,1245154.38
972,1245154.38
973,1245154.38
974,1231507.00
975,1231288.00
976,1231288.00
977,1231288.00
978,1231288.00
979,1231288.00
980,1231288.00
981,1231288.00
982,1231288.00
983,1231288.00
984,1231288.00
985,1231288.00
986,1231288.00
987,1231288.00
988,1231288.00
989,1231288.00
990,1231228.50
991,1231228.50
992,1231228.50
993,1231228.50
994,1231228.50
995,1203343.12
996,1203343.12
997,1203343.12
998,1203343.12
999,1203343.12
1000,1203343.12
1001,1203343.12
1002,1203343.12
1003,1203343.12
1004,1203343.12
1005,1203343.12
1006,1203343.12
1007,1203343.12
1008,1203343.12
1009,1203343.12
1010,1203343.12
1011,1203343.12
1012,1203343.12
1013,1203343.12
1014,1203343.12
1015,1203343.12
1016,1203343.12
1017,1203343.12
1018,1203343.12
1019,1203343.12
1020,1203343.12
1021,1203343.12
1022,1203343.12
1023,1203343.12
1024,1203343.12
1025,1203343.12
1026,1203343.12
1027,1203343.12
1028,1203343.12
1029,1203343.12
1030,1203343.12
1031,1203343.12
1032,1203343.12
1033,1203343.12
1034,1203343.12
1035,1203343.12
1036,1203343.12
1037,1203343.12
1038,1203343.12
1039,1203343.12
1040,1203326.00
1041,1203326.00
1042,1203326.00
1043,1203301.38
1044,1203301.38
1045,1203301.38
1046,1203301.38
1047,1203301.38
1048,1203301.38
1049,1203300.62
1050,1203300.62
1051,1203300.62
1052,1203300.62
1053,1203300.62
1054,1203300.62
1055,1203300.62
1056,1203300.62
1057,1203300.62
1058,1203300.62
1059,1203300.62
1060,1203300.62
1061,1203300.62
1062,1203300.62
1063,1203300.62
1064,1203300.62
1065,1203300.62
1066,1203300.62
1067,1203300.62
1068,1203300.62
1069,1203300.62
1070,1203300.62
1071,1203300.62
1072,1203300.62
1073,1203300.62
1074,1203300.62
1075,1203300.62
1076,1203300.62
1077,1203300.62
1078,1203300.62
1079,1203300.62
1080,1203300.62
1081,1203300.62
1082,1203300.62
1083,1203300.62
1084,1203300.62
1085,1203300.62
1086,1203300.62
1087,1203300.62
1088,1194020.62
1089,1194020.62
1090,1194020.62
1091,1194020.62
1092,1194020.62
1093,1194020.62
1094,1194020.62
1095,1194020.62
1096,1194020.62
1097,1194020.62
1098,1194020.62
1099,1194020.62
1100,1194020.62
1101,1194020.62
1102,1194020.62
1103,1194020.62
1104,1194020.62
1105,1194020.62
1106,1194020.62
1107,1194020.62
1108,1194020.62
1109,1194020.62
1110,1194020.62
1111,1194020.62
1112,1194020.62
1113,1194020.62
1114,1194020.62
1115,1194020.50
1116,1194020.50
1117,1194020.50
1118,1194020.50
1119,1194020.50
1120,1194020.50
1121,1194020.50
1122,1194020.50
1123,1194020.50
1124,1193749.38
1125,1193749.38
1126,1193749.38
1127,1193749.38
1128,1193749.38
1129,1193749.38
1130,1193749.38
1131,1193749.38
1132,1193749.38
1133,1193749.38
1134,1193749.38
1135,1193749.38
1136,1193749.38
1137,1193749.38
1138,1193749.38
1139,1193749.38
1140,1193749.38
1141,1193749.38
1142,1193749.38
1143,1193250.00
1144,1193250.00
1145,1193250.00
1146,1193250.00
1147,1193250.00
1148,1193250.00
1149,1193250.00
1150,1193250.00
1151,1193250.00
1152,1193250.00
1153,1193250.00
1154,1193250.00
1155,1193250.00
1156,1193250.00
1157,1193250.00
1158,1193250.00
1159,1193250.00
1160,1193250.00
1161,1193250.00
1162,1193250.00
1163,1193250.00
1164,1182046.88
1165,1182046.88
1166,1179849.00
1167,1179849.00
1168,1168923.38
1169,1168923.38
1170,1168923.38
1171,1168923.38
1172,1168923.38
1173,1168923.38
1174,1168923.38
1175,1168923.38
1176,1168923.38
1177,1168923.38
1178,1168923.38
1179,1168923.38
1180,1168923.38
1181,1168923.38
1182,1168923.38
1183,1168923.38
1184,1168923.38
1185,1168923.38
1186,1168923.38
1187,1168923.38
1188,1168923.38
1189,1168923.38
1190,1168923.38
1191,1168923.38
1192,1168923.38
1193,1168923.38
1194,1168923.38
1195,1168923.38
1196,1168923.38
1197,1168923.38
1198,1168923.38
1199,1168923.38
1200,1168923.38
1201,1168923.38
1202,1168923.38
1203,1168923.38
1204,1168923.38
1205,1168923.38
1206,1168923.38
1207,1168923.38
1208,1168923.38
1209,1168923.38
1210,1168923.38
1211,1168923.38
1212,1168923.38
1213,1168923.38
1214,1168923.38
1215,1168923.38
1216,1168923.38
1217,1168923.38
1218,1168923.38
1219,1168923.38
1220,1168923.38
1221,1168923.38
1222,1168923.38
1223,1168923.38
1224,1168923.38
1225,1168923.38
1226,1168923.38
1227,1168923.38
1228,1168923.38
1229,1168923.38
1230,1168923.38
1231,1168923.38
1232,1168923.38
1233,1168923.38
1234,1168923.38
1235,1168923.38
1236,1168923.38
1237,1168923.38
1238,1168923.38
1239,1168923.38
1240,1155209.12
1241,1155209.12
1242,1155209.12
1243,1155209.12
1244,1155209.12
1245,1155209.12
1246,1155209.12
1247,1155209.12
1248,1154980.50
1249,1154980.50
1250,1154980.50
1251,1154980.50
1252,1154980.50
1253,1154980.50
1254,1154980.50
1255,1154980.50
1256,1154980.50
1257,1154980.50
1258,1154980.50
1259,1154980.50
1260,1154980.50
1261,1154980.50
1262,1154980.50
1263,1154980.50
1264,1141842.88
1265,1141842.38
1266,1141842.38
1267,1141842.38
1268,1141842.38
1269,1141842.38
1270,1141842.38
1271,1141842.38
1272,1141072.00
1273,1127942.50
1274,1127942.50
1275,1100090.75
1276,1100090.75
1277,1100090.75
1278,1100090.75
1279,1100090.75
1280,1100090.75
1281,1099879.12
1282,1099879.12
1283,1099879.12
1284,1099879.12
1285,1099879.12
1286,1099879.12
1287,1099879.12
1288,1099879.12
1289,1099879.12
1290,1099879.12
1291,1099879.12
1292,1099879.12
1293,1099879.12
1294,1099879.12
1295,1099879.12
1296,1099879.12
1297,1099879.00
1298,1099879.00
1299,1099879.00
1300,1099879.00
1301,1099879.00
1302,1099879.00
1303,1099879.00
1304,1099879.00
1305,1099879.00
1306,1099879.00
1307,1099879.00
1308,1099879.00
1309,1099879.00
1310,1099879.00
1311,1099879.00
1312,1099879.00
1313,1099879.00
1314,1099879.00
1315,1099879.00
1316,1099879.00
1317,1099879.00
1318,1099879.00
1319,1099879.00
1320,1099879.00
1321,1099879.00
1322,1072112.75
1323,1072112.75
1324,1072112.50
1325,1072112.50
1326,1072112.50
1327,1072112.50
1328,1072112.50
1329,1072112.50
1330,1072112.50
1331,1072112.50
1332,1072112.50
1333,1072112.50
1334,1072112.50
1335,1072112.50
1336,1072112.50
1337,1072112.50
1338,1072112.50
1339,1072112.50
1340,1072112.50
1341,1072112.50
1342,1072112.50
1343,1072112.50
1344,1072112.50
1345,1072112.50
1346,1072112.50
1347,1072112.50
1348,1072112.50
1349,1072112.50
1350,1072112.50
1351,1072112.50
1352,1072112.50
1353,1072112.50
1354,1072112.50
1355,1071934.75
1356,1071934.75
1357,1071934.75
1358,1071934.75
1359,1071934.75
1360,1071934.75
1361,1071934.50
1362,1071934.50
1363,1071934.50
1364,1071934.50
1365,1071934.50
1366,1071934.50
1367,1071934.50
1368,1071934.50
1369,1071934.50
1370,1071934.50
1371,1058127.62
1372,1058127.62
1373,1058127.62
1374,1058127.62
1375,1044819.88
1376,1044819.88
1377,1044819.88
1378,1044819.88
1379,1044819.88
1380,1044819.88
1381,1044819.88
1382,1044819.88
1383,1044819.88
1384,1044819.88
1385,1044819.88
1386,1044819.88
1387,1044819.88
1388,1044819.88
1389,1044819.88
1390,1044819.88
1391,1044819.88
1392,1044819.88
1393,1044819.88
1394,1044819.88
1395,1044819.88
1396,1044819.88
1397,1044819.88
1398,1044819.88
1399,1044819.88
1400,1044819.88
1401,1044819.88
1402,1044819.88
1403,1044819.88
1404,1044819.88
1405,1030953.50
1406,1030953.50
1407,1030953.50
1408,1030953.50
1409,1030953.50
1410,1030953.50
1411,1030953.50
1412,1030953.50
1413,1030953.50
1414,1030953.50
1415,1030953.50
1416,1030953.50
1417,1030953.50
1418,1030953.50
1419,1030953.50
1420,1030953.50
1421,1030953.50
1422,1030953.50
1423,1030953.50
1424,1030953.50
1425,1030953.50
1426,1030953.50
1427,1030953.50
1428,1030953.50
1429,1030953.50
1430,1030953.50
1431,1030953.50
1432,1017053.06
1433,1017053.06
1434,1017053.06
1435,1017053.06
1436,1017053.06
1437,1017053.06
1438,1017053.06
1439,1017053.06
1440,1017053.06
1441,1017052.94
1442,1017052.94
1443,1017052.94
1444,1017052.94
1445,1003305.56
1446,1003305.56
1447,1003305.56
1448,1003305.56
1449,1003305.56
1450,1003305.56
1451,1003305.56
1452,1003305.56
1453,989404.94
1454,989404.94
1455,989404.94
1456,989404.94
1457,989404.94
1458,989404.94
1459,989404.94
1460,989404.94
1461,989404.94
1462,989404.94
1463,989404.94
1464,989404.94
1465,989404.94
1466,989404.94
1467,989404.94
1468,989404.94
1469,989404.94
1470,989404.94
1471,989404.94
1472,989404.94
1473,989404.94
1474,989404.94
1475,989404.94
1476,989404.94
1477,989404.94
1478,989404.94
1479,989404.94
1480,989404.94
1481,961578.81
1482,961578.81
1483,961578.81
1484,961578.81
1485,961578.81
1486,961578.81
1487,948025.94
1488,948025.94
1489,948025.94
1490,948025.94
1491,948025.94
1492,948025.94
1493,948025.94
1494,948025.94
1495,948025.94
1496,947881.69
1497,947881.69
1498,947881.69
1499,947881.69
1500,947881.69
1501,947881.69
1502,947881.69
1503,947881.69
1504,947881.69
1505,947881.69
1506,947881.69
1507,947881.69
1508,947881.69
1509,947881.69
1510,947881.69
1511,947881.50
1512,934057.75
1513,934057.75
1514,934057.75
1515,934057.75
1516,934057.75
1517,934057.75
1518,934057.75
1519,934057.75
1520,934057.75
1521,920233.88
1522,920233.88
1523,920233.88
1524,920233.88
1525,920233.88
1526,920233.88
1527,920233.88
1528,920233.88
1529,920030.06
1530,920030.06
1531,920030.06
1532,906409.75
1533,906409.75
1534,906409.75
1535,906409.75
1536,906409.75
1537,906409.75
1538,906409.75
1539,906409.75
1540,906409.75
1541,906409.75
1542,892382.31
1543,892382.12
1544,892382.12
1545,892382.12
1546,892382.12
1547,892382.06
1548,892382.06
1549,892382.06
1550,892382.06
1551,892382.06
1552,892382.06
1553,892382.06
1554,892382.06
1555,892382.06
1556,892382.06
1557,892382.06
1558,892382.06
1559,892382.06
1560,892382.06
1561,892382.06
1562,892382.06
1563,892382.06
1564,892382.06
1565,892382.06
1566,892382.06
1567,892382.06
1568,892382.06
1569,892382.06
1570,892382.06
1571,892382.06
1572,892382.06
1573,892382.06
1574,892382.06
1575,892382.06
1576,892382.06
1577,892382.06
1578,892382.06
1579,892382.06
1580,892382.06
1581,892382.06
1582,892382.06
1583,892382.06
1584,892382.06
1585,892382.06
1586,892382.06
1587,892382.06
1588,892382.06
1589,892382.06
1590,892382.06
1591,892382.06
1592,892382.06
1593,892382.06
1594,892382.06
1595,892382.06
1596,892382.06
1597,892382.06
1598,892382.06
1599,892382.06
1600,892382.06
1601,892382.06
1602,892382.06
1603,892382.06
1604,892382.06
1605,892382.06
1606,892382.06
1607,892382.06
1608,892382.06
1609,892382.06
1610,892382.06
1611,892382.06
1612,892382.06
1613,892382.06
1614,892381.94
1615,892381.94
1616,892381.94
1617,892381.94
1618,892381.94
1619,892381.94
1620,892381.94
1621,892381.94
1622,892381.94
1623,892381.94
1624,892381.94
1625,878439.25
1626,878439.25
1627,878439.25
1628,878439.25
1629,878439.25
1630,878439.25
1631,878439.25
1632,878439.25
1633,878439.25
1634,878439.25
1635,864657.75
1636,864657.75
1637,864657.75
1638,864657.75
1639,864657.75
1640,864657.75
1641,850587.62
1642,850587.62
1643,850587.62
1644,850587.62
1645,850587.62
1646,850587.62
1647,850587.62
1648,850587.62
1649,850587.62
1650,850587.62
1651,850587.62
1652,850587.62
1653,850587.62
1654,850587.62
1655,850587.62
1656,850587.62
1657,850587.62
1658,850587.62
1659,850587.62
1660,850587.62
1661,850587.62
1662,850587.50
1663,850587.50
1664,850587.50
1665,850587.50
1666,836730.00
1667,836730.00
1668,836730.00
1669,836730.00
1670,836730.00
1671,836730.00
1672,836730.00
1673,836730.00
1674,836730.00
1675,836730.00
1676,836730.00
1677,836730.00
1678,836729.81
1679,836729.75
1680,836729.75
1681,836729.75
1682,836729.75
1683,836729.75
1684,836729.75
1685,836729.75
1686,836729.75
1687,836729.75
1688,836729.75
1689,836729.75
1690,836729.75
1691,836729.75
1692,836729.75
1693,836729.75
1694,836729.75
1695,836729.75
1696,836729.75
1697,836729.75
1698,836729.75
1699,836729.75
1700,836729.75
1701,836729.75
1702,836729.75
1703,836729.75
1704,836729.75
1705,836729.75
1706,836729.75
1707,836729.75
1708,836729.75
1709,836729.75
1710,836729.75
1711,836729.75
1712,836729.75
1713,836729.75
1714,836729.75
1715,836729.75
1716,836729.75
1717,836729.75
1718,836729.75
1719,836729.75
1720,836729.75
1721,836729.75
1722,836729.75
1723,836729.75
1724,836729.75
1725,836729.75
1726,836729.56
1727,836729.56
1728,836729.56
1729,836729.56
1730,836729.56
1731,836729.56
1732,836729.56
1733,836729.56
1734,836729.56
1735,836729.56
1736,836729.56
1737,836729.56
1738,836729.56
1739,836729.56
1740,836729.56
1741,836729.56
1742,836729.56
1743,836729.56
1744,836729.56
1745,836729.56
1746,836729.56
1747,836729.56
1748,836729.56
1749,836729.56
1750,836729.56
1751,836729.56
1752,836729.56
1753,836729.56
1754,836729.56
1755,836729.56
1756,836729.56
1757,836729.56
1758,836729.56
1759,836729.56
1760,836729.56
1761,836729.56
1762,836729.56
1763,836729.56
1764,836729.56
1765,836729.56
1766,836729.56
1767,836729.56
1768,836729.56
1769,836729.56
1770,836729.56
1771,836729.56
1772,836729.56
1773,836729.56
1774,836729.56
1775,836729.56
1776,836729.56
1777,836729.56
1778,836729.56
1779,836729.56
1780,836729.56
1781,836729.56
1782,836729.56
1783,836729.56
1784,822786.75
1785,822786.75
1786,822786.75
1787,822786.75
1788,822786.75
1789,822786.75
1790,822786.75
1791,822786.75
1792,822786.75
1793,822786.75
1794,822786.75
1795,822786.75
1796,822786.75
1797,822786.75
1798,822786.75
1799,822786.75
1800,822786.75
1801,822786.75
1802,822786.75
1803,822786.75
1804,822786.75
1805,822786.75
1806,822786.75
1807,822786.75
1808,822786.75
1809,822786.75
1810,822786.75
1811,822786.75
1812,822786.75
1813,822786.75
1814,822786.75
1815,822786.75
1816,822786.75
1817,822786.75
1818,822786.75
1819,822786.75
1820,822786.75
1821,822786.75
1822,822786.75
1823,822786.75
1824,822786.75
1825,822786.75
1826,822786.75
1827,822786.75
1828,822786.75
1829,822786.75
1830,822786.75
1831,822786.75
1832,822786.75
1833,822786.75
1834,822786.75
1835,822786.75
1836,822786.75
1837,822786.75
1838,822786.75
1839,822786.75
1840,822786.75
1841,822786.75
1842,822786.75
1843,822786.75
1844,822786.75
1845,822786.75
1846,822786.75
1847,822786.75
1848,822786.75
1849,822786.75
1850,822786.75
1851,822786.75
1852,822786.75
1853,822786.75
1854,822786.75
1855,822786.75
1856,822668.19
1857,822668.19
1858,822668.19
1859,822668.19
1860,822668.19
1861,822668.19
1862,822668.19
1863,822668.19
1864,822668.19
1865,822668.19
1866,822668.19
1867,822668.19
1868,822668.19
1869,822668.19
1870,822668.19
1871,822668.19
1872,822668.19
1873,822668.19
1874,822668.19
1875,822668.19
1876,822668.19
1877,822668.19
1878,822668.19
1879,822668.19
1880,822668.19
1881,822668.19
1882,822668.19
1883,822668.19
1884,822668.19
1885,822668.19
1886,822668.19
1887,822668.19
1888,822668.19
1889,822668.19
1890,822668.19
1891,822668.19
1892,822668.19
1893,822668.19
1894,822668.19
1895,822668.19
1896,822668.19
1897,822668.19
1898,822668.19
1899,822668.19
1900,822668.19
1901,822668.19
1902,822668.19
1903,822668.19
1904,822668.19
1905,822668.19
1906,822668.19
1907,822668.19
1908,822668.19
1909,822668.19
1910,822668.19
1911,822668.19
1912,822668.19
1913,822668.19
1914,822668.19
1915,822668.19
1916,822668.19
1917,822668.19
1918,822668.19
1919,822668.19
1920,822668.19
1921,822668.19
1922,822668.19
1923,822668.19
1924,822668.19
1925,822668.19
1926,822668.19
1927,822668.19
1928,822668.19
1929,822668.19
1930,822668.19
1931,822668.19
1932,822668.19
1933,822668.19
1934,822668.19
1935,822668.19
1936,822668.19
1937,822668.19
1938,822668.19
1939,822668.19
1940,822668.19
1941,822668.19
1942,822668.19
1943,822668.19
1944,822668.19
1945,822668.19
1946,822668.19
1947,822668.19
1948,822668.19
1949,822668.19
1950,822668.19
1951,822668.19
1952,822668.19
1953,822668.19
1954,822668.19
1955,822668.19
1956,822668.19
1957,822668.19
1958,822668.19
1959,822668.19
1960,822668.19
1961,822668.19
1962,822668.19
1963,822668.19
1964,822668.19
1965,822668.19
1966,822668.19
1967,808844.00
1968,808844.00
1969,808844.00
1970,808844.00
1971,808844.00
1972,808844.00
1973,808844.00
1974,808844.00
1975,808844.00
1976,808844.00
1977,808844.00
1978,808844.00
1979,808844.00
1980,808844.00
1981,808844.00
1982,808844.00
1983,808844.00
1984,808844.00
1985,808844.00
1986,808844.00
1987,808844.00
1988,808844.00
1989,808844.00
1990,808844.00
1991,808844.00
1992,808844.00
1993,808844.00
1994,808844.00
1995,808844.00
1996,808844.00
1997,808844.00
1998,808844.00
1999,808844.00
2000,808844.00
2001,808844.00
2002,808844.00
2003,808844.00
2004,808844.00
2005,808844.00
2006,808844.00
2007,808844.00
2008,808844.00
2009,808844.00
2010,808844.00
2011,808844.00
2012,808844.00
2013,808844.00
2014,808844.00
2015,808844.00
2016,808844.00
2017,808844.00
2018,808844.00
2019,808844.00
2020,808844.00
2021,808844.00
2022,808844.00
2023,808844.00
2024,808844.00
2025,808844.00
2026,808844.00
2027,808844.00
2028,808844.00
2029,808844.00
2030,808844.00
2031,808844.00
2032,808844.00
2033,808844.00
2034,808844.00
2035,808844.00
2036,808844.00
2037,808844.00
2038,808844.00
2039,808844.00
2040,808844.00
2041,808844.00
2042,808844.00
2043,808844.00
2044,808844.00
2045,808844.00
2046,808844.00
2047,808844.00
2048,808844.00
2049,808844.00
2050,808844.00
2051,808844.00
2052,808844.00
2053,808844.00
2054,808844.00
2055,808844.00
2056,808844.00
2057,808844.00
2058,808844.00
2059,808844.00
2060,808844.00
2061,808844.00
2062,808844.00
2063,808844.00
2064,808844.00
2065,808844.00
2066,808844.00
2067,808844.00
2068,808844.00
2069,808844.00
2070,781077.38
2071,781077.38
2072,781077.38
2073,781077.38
2074,781077.38
2075,781077.38
2076,781077.38
2077,781077.38
2078,781077.38
2079,781077.38
2080,781077.38
2081,781077.38
2082,781077.38
2083,781077.38
2084,781077.38
2085,781077.38
2086,781077.38
2087,781077.38
2088,781077.38
2089,781077.38
2090,781077.38
2091,781077.38
2092,781077.38
2093,781077.38
2094,781077.38
2095,781077.38
2096,781077.38
2097,781077.38
2098,781077.38
2099,781077.38
2100,781077.38
2101,781077.38
2102,781077.38
2103,781077.38
2104,781077.38
2105,781077.38
2106,781077.38
2107,781077.38
2108,781077.38
2109,781077.38
2110,781077.38
2111,781077.38
2112,781077.38
2113,781077.38
2114,781077.38
2115,767168.56
2116,767168.56
2117,767168.56
2118,767168.56
2119,767168.56
2120,767168.56
2121,767168.56
2122,767168.56
2123,767168.56
2124,767168.56
2125,767168.56
2126,767168.56
2127,767168.56
2128,767168.56
2129,767168.56
2130,767168.56
2131,767168.56
2132,767168.56
2133,767168.56
2134,767168.56
2135,767168.56
2136,767168.56
2137,767168.56
2138,767168.56
2139,767168.56
2140,767168.56
2141,767168.56
2142,767168.56
2143,767075.94
2144,767075.94
2145,767075.94
2146,767075.94
2147,767075.94
2148,767075.94
2149,767075.94
2150,767075.94
2151,767075.94
2152,767075.94
2153,767075.94
2154,767075.94
2155,767075.94
2156,767075.62
2157,767075.62
2158,767075.62
2159,767075.62
2160,767075.62
2161,767075.62
2162,767075.62
2163,767075.62
2164,767075.62
2165,767075.62
2166,767075.62
2167,767075.62
2168,767075.62
2169,767075.62
2170,767075.62
2171,767075.62
2172,767075.62
2173,767075.62
2174,767075.62
2175,767075.62
2176,767075.62
2177,767075.62
2178,767075.62
2179,767075.62
2180,767075.62
2181,767075.62
2182,767075.62
2183,767075.62
2184,767075.62
2185,767075.62
2186,767075.62
2187,767075.62
2188,767075.62
2189,767075.62
2190,767075.62
2191,767075.62
2192,767075.62
2193,767075.62
2194,767075.62
2195,767075.62
2196,767075.62
2197,767075.62
2198,767075.62
2199,767075.62
2200,767075.62
2201,767075.62
2202,767075.62
2203,767075.62
2204,767075.62
2205,767075.62
2206,767075.62
2207,767075.62
2208,767075.62
2209,767075.62
2210,767075.62
2211,767075.62
2212,767075.62
2213,767075.62
2214,767075.62
2215,767075.62
2216,767075.62
2217,767075.62
2218,767075.62
2219,767075.62
2220,767075.62
2221,767075.62
2222,767075.62
2223,767075.62
2224,767075.62
2225,767075.62
2226,767075.62
2227,767075.62
2228,767075.62
2229,767075.62
2230,767075.62
2231,767075.62
2232,767075.62
2233,767075.62
2234,767075.62
2235,767075.62
2236,767075.62
2237,767075.62
2238,767075.62
2239,767075.62
2240,767075.62
2241,767075.62
2242,767075.62
2243,767075.62
2244,767075.62
2245,767075.62
2246,767075.62
2247,767075.62
2248,767075.62
2249,767075.62
2250,767075.62
2251,767075.62
2252,767075.62
2253,767075.62
2254,767075.62
2255,767075.62
2256,767075.62
2257,767075.62
2258,767075.62
2259,767075.62
2260,753132.94
2261,753132.94
2262,753132.94
2263,753132.94
2264,753132.81
2265,753132.81
2266,753132.81
2267,753132.81
2268,753132.81
2269,753132.81
2270,753132.81
2271,753132.81
2272,753132.81
2273,753132.81
2274,753132.81
2275,753132.81
2276,753132.81
2277,753132.81
2278,753132.81
2279,753132.81
2280,753132.81
2281,753132.81
2282,753132.81
2283,753132.81
2284,753132.81
2285,753132.81
2286,753132.81
2287,753132.81
2288,753132.81
2289,753132.81
2290,753132.81
2291,753132.81
2292,753132.81
2293,753132.81
2294,753132.81
2295,753132.81
2296,753132.81
2297,753132.81
2298,739555.06
2299,739555.06
2300,739555.06
2301,739555.06
2302,739555.06
2303,739555.06
2304,739555.06
2305,739555.06
2306,739555.06
2307,739555.06
2308,739555.06
2309,739555.06
2310,739555.06
2311,739554.50
2312,739554.50
2313,739554.50
2314,739554.50
2315,739554.50
2316,739554.50
2317,739554.50
2318,739554.50
2319,739554.50
2320,739554.50
2321,739554.50
2322,739554.50
2323,739554.50
2324,739554.50
2325,739554.50
2326,739554.50
2327,739554.50
2328,739554.50
2329,739554.50
2330,739554.50
2331,739554.50
2332,739554.50
2333,739554.50
2334,739554.50
2335,739554.50
2336,739554.50
2337,739554.50
2338,739554.50
2339,739554.50
2340,739554.50
2341,739554.50
2342,739554.50
2343,739554.50
2344,739554.50
2345,739554.50
2346,739554.50
2347,739554.50
2348,739554.50
2349,739554.50
2350,739554.50
2351,739554.50
2352,739554.50
2353,739554.50
2354,739554.50
2355,739554.50
2356,739554.50
2357,739554.50
2358,739554.50
2359,739554.50
2360,739554.50
2361,739554.50
2362,739554.50
2363,739554.50
2364,739554.50
2365,739554.50
2366,739554.50
2367,739554.50
2368,739554.50
2369,739554.50
2370,739554.50
2371,739554.50
2372,739554.50
2373,739554.50
2374,739554.50
2375,739554.50
2376,739554.50
2377,739554.50
2378,739554.50
2379,739554.50
2380,739554.50
2381,739554.50
2382,739554.50
2383,739554.50
2384,739554.50
2385,739554.50
2386,739554.50
2387,739554.50
2388,739554.50
2389,739554.50
2390,739554.50
2391,739554.50
2392,739554.50
2393,739554.50
2394,739554.50
2395,739554.50
2396,739554.50
2397,739554.50
2398,739554.50
2399,739554.50
2400,739554.50
2401,739554.50
2402,739554.50
2403,739554.50
2404,739554.50
2405,739554.50
2406,739554.50
2407,739554.50
2408,739554.50
2409,739554.50
2410,739554.50
2411,739554.50
2412,739554.50
2413,739554.50
2414,739554.50
2415,739554.50
2416,739554.50
2417,739554.50
2418,739554.50
2419,739554.50
2420,739554.50
2421,739554.50
2422,739554.50
2423,739554.50
2424,739554.50
2425,739554.50
2426,739554.50
2427,739554.50
2428,739554.50
2429,739554.50
2430,739554.50
2431,739478.44
2432,739478.44
2433,739478.44
2434,739478.44
2435,739478.44
2436,739478.44
2437,739478.44
2438,739478.44
2439,739478.12
2440,739478.12
2441,739478.12
2442,739478.12
2443,739478.12
2444,739478.12
2445,739478.12
2446,739478.12
2447,739478.12
2448,739478.12
2449,739478.12
2450,739478.12
2451,739478.12
2452,739478.12
2453,739478.12
2454,739478.12
2455,739478.12
2456,739478.12
2457,739478.12
2458,739478.12
2459,739478.12
2460,739478.12
2461,739478.12
2462,739478.12
2463,739478.12
2464,739478.12
2465,739478.12
2466,739478.12
2467,739478.12
2468,739478.12
2469,739478.12
2470,739478.12
2471,739478.12
2472,739478.12
2473,739478.12
2474,739478.12
2475,739478.12
2476,739478.12
2477,739478.12
2478,739478.12
2479,739478.12
2480,739478.12
2481,739478.12
2482,739478.12
2483,739478.12
2484,739478.12
2485,739478.12
2486,739478.12
2487,739478.12
2488,739478.12
2489,739478.12
2490,739478.12
2491,739478.12
2492,739478.12
2493,739478.12
2494,739478.12
2495,739478.12
2496,739478.12
2497,739478.12
2498,739478.12
2499,739478.12
2500,739478.12
2501,739478.12
2502,739478.12
2503,739478.12
2504,739478.12
2505,739478.12
2506,739478.12
2507,739478.12
2508,739478.12
2509,739478.12
2510,739478.12
2511,739478.12
2512,739478.12
2513,739478.12
2514,739478.12
2515,739478.12
2516,739478.12
2517,739478.12
2518,739478.12
2519,739478.12
2520,739478.12
2521,739478.12
2522,739478.12
2523,739478.12
2524,739478.12
2525,739478.12
2526,739478.12
2527,739478.12
2528,739478.12
2529,739478.12
2530,739478.12
2531,739478.12
2532,739478.12
2533,739478.12
2534,739478.12
2535,739478.12
2536,739478.12
2537,739478.12
2538,739478.12
2539,739478.12
2540,739478.12
2541,739478.12
2542,739478.12
2543,739478.12
2544,739478.12
2545,739478.12
2546,739478.12
2547,739478.12
2548,739478.12
2549,739478.12
2550,739478.12
2551,739478.12
2552,739478.12
2553,739478.12
2554,739478.12
2555,739478.12
2556,739478.12
2557,739478.12
2558,739478.12
2559,739478.12
2560,739478.12
2561,739478.12
2562,739478.12
2563,739478.12
2564,739478.12
2565,739478.12
2566,739478.12
2567,739478.12
2568,739478.12
2569,739478.12
2570,739478.12
2571,739478.12
2572,739478.12
2573,739478.12
2574,739478.12
2575,739478.12
2576,739478.12
2577,739478.12
2578,739478.12
2579,739478.12
2580,739478.12
2581,739478.12
2582,739478.12
2583,739478.12
2584,739478.12
2585,739478.12
2586,739478.12
2587,739478.12
2588,739478.12
2589,739478.12
2590,739478.12
2591,739478.12
2592,739478.12
2593,739478.12
2594,739478.12
2595,739478.12
2596,739478.12
2597,739478.12
2598,739478.12
2599,739478.12
2600,739478.12
2601,739478.12
2602,739478.12
2603,739478.12
2604,739478.12
2605,739478.12
2606,739478.12
2607,739478.12
2608,739478.12
2609,739478.12
2610,725535.38
2611,725535.38
2612,725535.38
2613,725535.38
2614,725535.38
2615,725535.38
2616,725535.38
2617,725535.38
2618,725535.38
2619,725535.38
2620,725535.38
2621,725535.38
2622,725535.38
2623,725535.38
2624,725535.38
2625,725535.38
2626,725535.38
2627,725535.38
2628,725535.38
2629,725535.38
2630,725535.38
2631,725535.38
2632,725535.38
2633,725535.38
2634,725535.38
2635,725535.38
2636,725535.38
2637,725535.38
2638,725535.38
2639,725535.38
2640,725535.38
2641,725535.38
2642,725535.38
2643,725535.38
2644,725535.38
2645,725535.38
2646,725535.38
2647,725535.38
2648,725535.38
2649,725535.38
2650,725535.38
2651,725535.38
2652,725535.38
2653,725535.38
2654,725535.38
2655,725535.38
2656,725535.38
2657,725535.38
2658,725535.38
2659,725535.38
2660,725535.38
2661,725535.38
2662,725535.38
2663,725535.38
2664,725535.38
2665,725535.38
2666,725535.38
2667,725535.38
2668,725535.38
2669,725535.38
2670,725535.38
2671,725535.38
2672,725535.38
2673,725535.38
2674,725535.38
2675,725535.38
2676,725535.38
2677,725535.38
2678,725535.38
2679,725535.38
2680,725535.38
2681,725535.38
2682,725535.38
2683,725535.38
2684,725535.38
2685,725535.38
2686,725535.38
2687,725535.38
2688,725535.38
2689,725535.38
2690,725535.38
2691,725535.38
2692,725535.38
2693,725535.38
2694,725535.38
2695,725535.38
2696,725535.38
2697,725535.38
2698,725535.38
2699,725535.38
2700,725535.38
2701,725535.38
2702,725535.38
2703,725535.38
2704,725535.38
2705,725535.38
2706,725535.38
2707,725535.38
2708,725535.38
2709,725535.38
2710,725535.38
2711,725535.38
2712,725535.38
2713,725535.38
2714,725535.38
2715,725535.38
2716,725535.38
2717,725535.38
2718,725535.38
2719,725535.38
2720,725535.38
2721,725535.38
2722,725535.38
2723,725535.38
2724,725535.38
2725,725535.38
2726,725535.38
2727,725535.38
2728,725535.38
2729,725535.38
2730,725535.38
2731,725535.38
2732,725535.38
2733,725535.38
2734,725535.38
2735,725535.38
2736,725535.38
2737,725535.38
2738,725535.38
2739,725535.38
2740,725535.38
2741,725535.38
2742,725535.38
2743,725535.38
2744,725535.38
2745,725535.38
2746,725535.38
2747,725535.38
2748,725535.38
2749,725535.38
2750,725535.38
2751,725535.38
2752,725535.38
2753,725535.38
2754,725535.38
2755,725535.38
2756,725535.38
2757,725535.38
2758,725535.38
2759,725535.38
2760,725535.38
2761,725535.38
2762,725535.38
2763,725535.38
2764,725535.38
2765,725535.38
2766,725535.38
2767,725535.38
2768,725535.38
2769,725535.38
2770,725535.38
2771,725535.38
2772,725535.38
2773,725535.38
2774,725535.38
2775,725535.38
2776,725535.38
2777,725535.38
2778,725535.38
2779,725535.38
2780,725535.38
2781,725535.38
2782,725535.38
2783,725535.38
2784,725535.38
2785,725535.38
2786,725535.38
2787,725535.38
2788,725535.38
2789,725535.38
2790,725535.38
2791,725535.38
2792,725535.38
2793,725535.38
2794,725535.38
2795,725535.38
2796,725535.38
2797,725535.38
2798,725535.38
2799,725535.38
2800,725535.38
2801,725535.38
2802,725535.38
2803,725535.38
2804,725535.38
2805,725535.38
2806,725535.38
2807,725535.38
2808,725535.38
2809,725535.38
2810,725535.38
2811,725535.38
2812,725535.38
2813,725535.38
2814,725535.38
2815,725535.38
2816,725535.38
2817,725535.38
2818,725459.12
2819,725459.12
2820,725459.12
2821,725459.12
2822,725459.12
2823,725459.12
2824,725459.12
2825,725459.12
2826,725459.12
2827,725459.12
2828,725459.12
2829,725459.12
2830,711517.12
2831,711517.12
2832,711517.12
2833,711517.12
2834,711517.12
2835,711517.12
2836,711517.12
2837,711517.12
2838,711517.12
2839,711517.12
2840,711517.12
2841,711517.12
2842,711517.12
2843,711517.12
2844,711517.12
2845,711517.12
2846,711517.00
2847,711517.00
2848,711517.00
2849,711517.00
2850,711516.75
2851,711516.75
2852,711516.75
2853,711516.75
2854,711516.75
2855,711516.75
2856,711516.75
2857,711516.75
2858,711516.75
2859,711516.75
2860,711516.75
2861,711516.75
2862,711516.75
2863,711516.75
2864,711516.75
2865,711516.75
2866,711516.75
2867,711516.75
2868,711516.75
2869,711516.75
2870,711516.62
2871,711516.62
2872,711516.62
2873,711516.62
2874,711516.62
2875,711516.62
2876,711516.62
2877,711516.62
2878,711516.62
2879,711516.62
2880,711516.31
2881,711516.31
2882,711516.31
2883,711516.31
2884,711516.31
2885,711516.31
2886,711516.31
2887,711516.31
2888,697709.75
2889,697709.75
2890,697709.75
2891,697709.75
2892,697709.75
2893,697709.75
2894,697709.75
2895,697709.75
2896,697709.75
2897,697709.75
2898,697709.75
2899,697709.75
2900,697709.75
2901,697709.75
2902,697709.75
2903,697709.75
2904,697709.75
2905,697709.75
2906,697709.75
2907,697709.75
2908,697709.75
2909,697709.75
2910,697709.75
2911,697709.75
2912,697709.75
2913,697709.75
2914,697709.75
2915,697709.75
2916,697709.75
2917,683843.12
2918,683843.12
2919,683843.12
2920,683843.12
2921,683843.12
2922,683843.12
2923,683842.81
2924,683842.81
2925,683842.81
2926,683842.81
2927,683842.81
2928,683842.81
2929,683842.81
2930,683842.81
2931,683842.81
2932,683842.81
2933,683842.81
2934,683842.81
2935,683842.81
2936,683842.81
2937,656076.50
2938,656076.50
2939,656076.50
2940,656076.50
2941,656076.50
2942,656076.50
2943,656076.50
2944,656076.50
2945,656076.50
2946,656076.50
2947,656076.50
2948,656076.50
2949,656076.19
2950,656076.19
2951,656076.19
2952,656076.19
2953,656076.19
2954,656076.19
2955,656076.19
2956,656076.19
2957,656076.19
2958,656076.19
2959,656076.19
2960,656076.19
2961,656076.19
2962,656076.19
2963,656076.19
2964,656076.19
2965,656076.19
2966,656076.19
2967,656076.19
2968,656076.19
2969,656076.19
2970,656076.19
2971,656076.19
2972,656076.19
2973,656076.19
2974,656076.19
2975,656076.19
2976,656076.19
2977,656076.19
2978,656076.19
2979,656076.19
2980,656076.19
2981,656076.19
2982,656076.19
2983,656076.19
2984,656076.19
2985,656076.19
2986,656076.19
2987,656076.19
2988,656076.19
2989,656076.19
2990,656076.19
2991,656076.19
2992,656076.19
2993,656076.19
2994,656076.19
2995,656076.19
2996,656076.19
2997,656076.19
2998,656076.19
2999,656076.19
3000,656076.19
